 FASTWEB-fd6deP ,-54 WOW FI - FASTWEB ,-54 Vodafone-WiFi ,-74 INCENTIVE ,-77 D-Link-EAAFB1 ,-89

 FASTWEB-fd6deP ,-68 WOW FI - FASTWEB ,-68 D-Link-EAAFB1 ,-79 INCENTIVE ,-80 Vodafone-WiFi ,-87

 FASTWEB-fd6deP ,-52 WOW FI - FASTWEB ,-52 Vodafone-WiFi ,-74 INCENTIVE ,-79

 FASTWEB-fd6deP ,-51 WOW FI - FASTWEB ,-51 Vodafone-WiFi ,-74 INCENTIVE ,-80

 FASTWEB-fd6deP ,-52 WOW FI - FASTWEB ,-52 Vodafone-WiFi ,-74 INCENTIVE ,-76

 FASTWEB-fd6deP ,-54 WOW FI - FASTWEB ,-54 Vodafone-WiFi ,-73 INCENTIVE ,-79

 WOW FI - FASTWEB ,-52 FASTWEB-fd6deP ,-53 Vodafone-WiFi ,-73 INCENTIVE ,-79

 FASTWEB-fd6deP ,-54 WOW FI - FASTWEB ,-55 Vodafone-WiFi ,-73 INCENTIVE ,-79

 FASTWEB-fd6deP ,-53 WOW FI - FASTWEB ,-53 Vodafone-WiFi ,-73 INCENTIVE ,-78

 FASTWEB-fd6deP ,-55 WOW FI - FASTWEB ,-55 Vodafone-WiFi ,-73 INCENTIVE ,-79 D-Link-EAAFB1 ,-89

 FASTWEB-fd6deP ,-54 WOW FI - FASTWEB ,-54 Vodafone-WiFi ,-73 INCENTIVE ,-79 D-Link-EAAFB1 ,-87

 FASTWEB-fd6deP ,-52 WOW FI - FASTWEB ,-53 Vodafone-WiFi ,-74 INCENTIVE ,-78

 FASTWEB-fd6deP ,-52 WOW FI - FASTWEB ,-52 Vodafone-WiFi ,-73 INCENTIVE ,-79

 FASTWEB-fd6deP ,-53 WOW FI - FASTWEB ,-53 Vodafone-WiFi ,-73 INCENTIVE ,-78

 FASTWEB-fd6deP ,-50 WOW FI - FASTWEB ,-50 Vodafone-WiFi ,-74 INCENTIVE ,-78

 FASTWEB-fd6deP ,-50 WOW FI - FASTWEB ,-51 Vodafone-WiFi ,-73 INCENTIVE ,-79 D-Link-EAAFB1 ,-88

 WOW FI - FASTWEB ,-50 FASTWEB-fd6deP ,-51 Vodafone-WiFi ,-74 INCENTIVE ,-78 D-Link-EAAFB1 ,-91

 FASTWEB-fd6deP ,-51 WOW FI - FASTWEB ,-52 Vodafone-WiFi ,-73 INCENTIVE ,-79

 FASTWEB-fd6deP ,-53 WOW FI - FASTWEB ,-53 Vodafone-WiFi ,-73 INCENTIVE ,-79

 FASTWEB-fd6deP ,-54 WOW FI - FASTWEB ,-54 Vodafone-WiFi ,-74 INCENTIVE ,-80

 FASTWEB-fd6deP ,-53 WOW FI - FASTWEB ,-53 Vodafone-WiFi ,-73 INCENTIVE ,-79 D-Link-EAAFB1 ,-85

 WOW FI - FASTWEB ,-53 FASTWEB-fd6deP ,-54 Vodafone-WiFi ,-73

 FASTWEB-fd6deP ,-52 WOW FI - FASTWEB ,-52 Vodafone-WiFi ,-73 INCENTIVE ,-77 D-Link-EAAFB1 ,-84

 FASTWEB-fd6deP ,-51 WOW FI - FASTWEB ,-52 Vodafone-WiFi ,-73 INCENTIVE ,-79 D-Link-EAAFB1 ,-88

 WOW FI - FASTWEB ,-51 FASTWEB-fd6deP ,-52 Vodafone-WiFi ,-74 INCENTIVE ,-77 D-Link-EAAFB1 ,-89
